Seconds,Data,value,Altitude
1436027900,Distance,16.982616351410556,24.633333333333336
1436027900,Heart Rate,67.0,24.633333333333336
1436027900,Pace,3.2342379565015396,24.633333333333336
1436027910,Distance,35.78771950154351,25.786
1436027910,Heart Rate,74.0,25.786
1436027910,Pace,2.804679099312035,25.786
1436027920,Distance,62.62332004201382,28.751000000000005
1436027920,Heart Rate,88.0,28.751000000000005
1436027920,Pace,2.514644368213612,28.751000000000005
1436027930,Distance,87.45886568907756,30.642000000000003
1436027930,Heart Rate,103.5,30.642000000000003
1436027930,Pace,2.697190967731153,30.642000000000003
1436027940,Distance,115.0584666281505,32.489
1436027940,Heart Rate,114.5,32.489
1436027940,Pace,2.492154171410951,32.489
1436027950,Distance,139.05877817939088,33.620999999999995
1436027950,Heart Rate,127.0,33.620999999999995
1436027950,Pace,2.473245452481902,33.620999999999995
1436027960,Distance,166.89712583704488,33.968
1436027960,Heart Rate,143.0,33.968
1436027960,Pace,3.0611072757086246,33.968
1436027970,Distance,197.78843840469364,33.354
1436027970,Heart Rate,149.0,33.354
1436027970,Pace,3.186971274143846,33.354
1436027980,Distance,226.2887077124651,32.477000000000004
1436027980,Heart Rate,154.0,32.477000000000004
1436027980,Pace,2.6906722972482555,32.477000000000004
1436027990,Distance,257.57675926384275,31.641000000000002
1436027990,Heart Rate,156.0,31.641000000000002
1436027990,Pace,3.0228541120979857,31.641000000000002
1436028000,Distance,282.4463286048036,28.738999999999997
1436028000,Heart Rate,156.0,28.738999999999997
1436028000,Pace,2.28293363108952,28.738999999999997
1436028010,Distance,308.46366461900317,26.500999999999998
1436028010,Heart Rate,157.5,26.500999999999998
1436028010,Pace,2.9196182964444346,26.500999999999998
1436028020,Distance,336.7169586671396,26.873
1436028020,Heart Rate,148.0,26.873
1436028020,Pace,2.7224097877356828,26.873
1436028030,Distance,364.641839333636,27.052999999999997
1436028030,Heart Rate,147.5,27.052999999999997
1436028030,Pace,2.9430895160717854,27.052999999999997
1436028040,Distance,395.97929236055,25.840000000000003
1436028040,Heart Rate,146.0,25.840000000000003
1436028040,Pace,3.1755556162212146,25.840000000000003
1436028050,Distance,425.7938575771195,28.137999999999998
1436028050,Heart Rate,155.5,28.137999999999998
1436028050,Pace,2.6883836913589847,28.137999999999998
1436028060,Distance,447.3012307420151,27.319
1436028060,Heart Rate,159.0,27.319
1436028060,Pace,2.160233367562404,27.319
1436028070,Distance,477.5421809916893,27.558999999999997
1436028070,Heart Rate,158.5,27.558999999999997
1436028070,Pace,3.3760699459201304,27.558999999999997
1436028080,Distance,507.88582862636815,25.388
1436028080,Heart Rate,161.0,25.388
1436028080,Pace,2.8365731180780074,25.388
1436028090,Distance,534.2277293356103,24.717000000000002
1436028090,Heart Rate,161.5,24.717000000000002
1436028090,Pace,2.51710906023643,24.717000000000002
1436028100,Distance,561.665130425454,24.395
1436028100,Heart Rate,168.5,24.395
1436028100,Pace,2.825282755810315,24.395
1436028110,Distance,593.0381687804218,26.28
1436028110,Heart Rate,164.0,26.28
1436028110,Pace,3.1578737013866203,26.28
1436028120,Distance,618.6876577247912,26.588
1436028120,Heart Rate,164.0,26.588
1436028120,Pace,2.339023778674277,26.588
1436028130,Distance,644.3311121504631,25.406000000000002
1436028130,Heart Rate,162.5,25.406000000000002
1436028130,Pace,2.81649619836777,25.406000000000002
1436028140,Distance,676.7835410078253,25.494999999999997
1436028140,Heart Rate,157.5,25.494999999999997
1436028140,Pace,3.495969478594566,25.494999999999997
1436028150,Distance,708.796086890644,24.629
1436028150,Heart Rate,154.0,24.629
1436028150,Pace,3.05776996145039,24.629
1436028160,Distance,738.9997077357099,24.999000000000002
1436028160,Heart Rate,157.5,24.999000000000002
1436028160,Pace,2.958579288027681,24.999000000000002
1436028170,Distance,768.5272397490982,24.909000000000002
1436028170,Heart Rate,157.5,24.909000000000002
1436028170,Pace,2.956395956062579,24.909000000000002
1436028180,Distance,799.0821285810144,25.033000000000005
1436028180,Heart Rate,156.5,25.033000000000005
1436028180,Pace,2.959533656622534,25.033000000000005
1436028190,Distance,827.1421923940849,24.993999999999996
1436028190,Heart Rate,154.0,24.993999999999996
1436028190,Pace,2.683787274457052,24.993999999999996
1436028200,Distance,853.6046003198917,26.052999999999997
1436028200,Heart Rate,152.5,26.052999999999997
1436028200,Pace,2.6103184091927347,26.052999999999997
1436028210,Distance,876.5300995924403,27.57
1436028210,Heart Rate,155.5,27.57
1436028210,Pace,2.378996794188333,27.57
1436028220,Distance,905.3194548237345,28.113999999999997
1436028220,Heart Rate,156.5,28.113999999999997
1436028220,Pace,3.027010479741807,28.113999999999997
1436028230,Distance,936.165187422392,28.290000000000003
1436028230,Heart Rate,156.0,28.290000000000003
1436028230,Pace,3.0529326952703286,28.290000000000003
1436028240,Distance,966.3257465424549,28.304000000000002
1436028240,Heart Rate,156.5,28.304000000000002
1436028240,Pace,3.146098999113235,28.304000000000002
1436028250,Distance,997.9087154882873,29.878999999999998
1436028250,Heart Rate,157.5,29.878999999999998
1436028250,Pace,2.7015846312394047,29.878999999999998
1436028260,Distance,1026.5066250754253,31.741000000000003
1436028260,Heart Rate,158.0,31.741000000000003
1436028260,Pace,2.7390604973148927,31.741000000000003
1436028270,Distance,1051.8286152698743,32.558
1436028270,Heart Rate,158.0,32.558
1436028270,Pace,2.7182742897156915,32.558
1436028280,Distance,1081.6417316040604,33.84499999999999
1436028280,Heart Rate,160.5,33.84499999999999
1436028280,Pace,3.0497937454844304,33.84499999999999
1436028290,Distance,1110.3727850139953,35.047
1436028290,Heart Rate,161.0,35.047
1436028290,Pace,2.6020131628112724,35.047
1436028300,Distance,1138.0721548890992,34.721000000000004
1436028300,Heart Rate,163.0,34.721000000000004
1436028300,Pace,3.0507227887921315,34.721000000000004
1436028310,Distance,1163.516859886449,34.397
1436028310,Heart Rate,164.5,34.397
1436028310,Pace,2.2415604542972005,34.397
1436028320,Distance,1190.443416927517,33.724
1436028320,Heart Rate,164.0,33.724
1436028320,Pace,2.8193734642185975,33.724
1436028330,Distance,1212.0385587828519,33.708
1436028330,Heart Rate,163.0,33.708
1436028330,Pace,1.4419548541301992,33.708
1436028340,Distance,1223.9849823386303,34.047999999999995
1436028340,Heart Rate,163.5,34.047999999999995
1436028340,Pace,1.5577846168861242,34.047999999999995
1436028350,Distance,1239.3184497028583,30.672999999999995
1436028350,Heart Rate,160.5,30.672999999999995
1436028350,Pace,1.0668858936829566,30.672999999999995
1436028360,Distance,1250.1867767452952,30.215000000000003
1436028360,Heart Rate,162.5,30.215000000000003
1436028360,Pace,1.0629756438963114,30.215000000000003
1436028370,Distance,1266.2490678057482,30.137999999999998
1436028370,Heart Rate,164.0,30.137999999999998
1436028370,Pace,2.2312449120120164,30.137999999999998
1436028380,Distance,1289.6930875554422,29.787
1436028380,Heart Rate,166.0,29.787
1436028380,Pace,2.228476097678322,29.787
1436028390,Distance,1314.9584209536865,29.557
1436028390,Heart Rate,166.0,29.557
1436028390,Pace,2.987251945613798,29.557
1436028400,Distance,1336.9525477434283,32.206
1436028400,Heart Rate,167.5,32.206
1436028400,Pace,1.4954102044298678,32.206
1436028410,Distance,1353.5301385617115,30.767000000000003
1436028410,Heart Rate,167.5,30.767000000000003
1436028410,Pace,1.8104180389455677,30.767000000000003
1436028420,Distance,1374.1490715624361,32.708000000000006
1436028420,Heart Rate,168.0,32.708000000000006
1436028420,Pace,2.5659627300777172,32.708000000000006
1436028430,Distance,1402.6233936461797,34.632000000000005
1436028430,Heart Rate,170.0,34.632000000000005
1436028430,Pace,2.662158626435553,34.632000000000005
1436028440,Distance,1428.4375011573359,34.023
1436028440,Heart Rate,170.5,34.023
1436028440,Pace,2.728870441463164,34.023
1436028450,Distance,1458.1542498795575,32.293
1436028450,Heart Rate,171.0,32.293
1436028450,Pace,3.0464833825273443,32.293
1436028460,Distance,1486.4874612078665,35.536
1436028460,Heart Rate,171.5,35.536
1436028460,Pace,2.624299272322787,35.536
1436028470,Distance,1509.729314795421,47.242000000000004
1436028470,Heart Rate,172.0,47.242000000000004
1436028470,Pace,2.0553471426835586,47.242000000000004
1436028480,Distance,1527.2488891812286,52.157
1436028480,Heart Rate,172.5,52.157
1436028480,Pace,1.875724494158294,52.157
1436028490,Distance,1555.0112408949522,51.359
1436028490,Heart Rate,170.5,51.359
1436028490,Pace,2.842052674021147,51.359
1436028500,Distance,1578.3737838765576,52.935
1436028500,Heart Rate,168.5,52.935
1436028500,Pace,2.1807560548395486,52.935
1436028510,Distance,1598.7852550229595,52.076
1436028510,Heart Rate,171.5,52.076
1436028510,Pace,2.0730701159843647,52.076
1436028520,Distance,1622.3147442801182,61.49400000000001
1436028520,Heart Rate,172.0,61.49400000000001
1436028520,Pace,2.6760504636512223,61.49400000000001
1436028530,Distance,1646.160678655918,70.488
1436028530,Heart Rate,172.5,70.488
1436028530,Pace,2.15377139687489,70.488
1436028540,Distance,1670.3945567005242,77.65100000000001
1436028540,Heart Rate,171.5,77.65100000000001
1436028540,Pace,2.725313479318447,77.65100000000001
1436028550,Distance,1701.8941041593084,85.908
1436028550,Heart Rate,170.0,85.908
1436028550,Pace,3.237464640959183,85.908
1436028560,Distance,1732.205154764834,87.324
1436028560,Heart Rate,169.0,87.324
1436028560,Pace,2.529450099305609,87.324
1436028570,Distance,1754.9649907831677,88.058
1436028570,Heart Rate,168.0,88.058
1436028570,Pace,2.691026183216377,88.058
1436028580,Distance,1785.7734323164,72.162
1436028580,Heart Rate,170.0,72.162
1436028580,Pace,3.1139258283281834,72.162
1436028590,Distance,1809.8634400221786,68.258
1436028590,Heart Rate,169.0,68.258
1436028590,Pace,2.094340898161158,68.258
1436028600,Distance,1839.6794101620094,64.511
1436028600,Heart Rate,167.5,64.511
1436028600,Pace,3.5505471564775464,64.511
1436028610,Distance,1870.77675446381,57.964
1436028610,Heart Rate,163.0,57.964
1436028610,Pace,2.8837251308946863,57.964
1436028620,Distance,1901.8918169320198,55.814
1436028620,Heart Rate,162.5,55.814
1436028620,Pace,3.0722152534649694,55.814
1436028630,Distance,1927.6720705026376,67.204
1436028630,Heart Rate,163.5,67.204
1436028630,Pace,2.538615494949454,67.204
1436028640,Distance,1958.695122042835,69.79400000000001
1436028640,Heart Rate,164.5,69.79400000000001
1436028640,Pace,3.2956091503434664,69.79400000000001
1436028650,Distance,1991.5217120355112,66.82544809235
1436028650,Heart Rate,166.5,66.82544809235
1436028650,Pace,3.2669997998963707,66.82544809235
1436028660,Distance,2024.796487947239,79.20200000000001
1436028660,Heart Rate,168.0,79.20200000000001
1436028660,Pace,3.294114222177245,79.20200000000001
1436028670,Distance,2056.252513867862,71.97
1436028670,Heart Rate,165.0,71.97
1436028670,Pace,3.1704558769298954,71.97
1436028680,Distance,2099.131417043668,43.43
1436028680,Heart Rate,164.625,43.43
1436028680,Pace,3.2009727807150057,43.43
1436028690,Distance,2144.5965286360974,42.980000000000004
1436028690,Heart Rate,162.0,42.980000000000004
1436028690,Pace,4.812026972876401,42.980000000000004
1436028700,Distance,2177.791421458364,63.05899999999999
1436028700,Heart Rate,159.5,63.05899999999999
1436028700,Pace,1.810875446288128,63.05899999999999
1436028710,Distance,2197.14653710233,66.19999999999999
1436028710,Heart Rate,156.5,66.19999999999999
1436028710,Pace,1.981352034303427,66.19999999999999
1436028720,Distance,2214.4149299863802,75.02400000000002
1436028720,Heart Rate,161.0,75.02400000000002
1436028720,Pace,1.5398435137965862,75.02400000000002
1436028730,Distance,2231.7767190089253,76.33
1436028730,Heart Rate,165.0,76.33
1436028730,Pace,2.176109671274662,76.33
1436028740,Distance,2257.576789625261,71.967
1436028740,Heart Rate,168.5,71.967
1436028740,Pace,2.571191836292519,71.967
1436028750,Distance,2279.7356374094297,70.72299999999998
1436028750,Heart Rate,171.5,70.72299999999998
1436028750,Pace,2.2122848940177846,70.72299999999998
1436028760,Distance,2303.76731892129,60.47700000000001
1436028760,Heart Rate,172.5,60.47700000000001
1436028760,Pace,2.371172552422922,60.47700000000001
1436028770,Distance,2323.9716907822217,70.511
1436028770,Heart Rate,173.0,70.511
1436028770,Pace,1.7795730107406142,70.511
1436028780,Distance,2344.711575347225,62.46599999999999
1436028780,Heart Rate,172.5,62.46599999999999
1436028780,Pace,2.408453758057567,62.46599999999999
1436028790,Distance,2368.1445730216424,56.407
1436028790,Heart Rate,171.5,56.407
1436028790,Pace,2.2179968403077965,56.407
1436028800,Distance,2391.1468249366153,59.025
1436028800,Heart Rate,172.5,59.025
1436028800,Pace,2.406464862066423,59.025
1436028810,Distance,2416.036165147264,67.65200000000002
1436028810,Heart Rate,171.5,67.65200000000002
1436028810,Pace,2.5000782551067458,67.65200000000002
1436028820,Distance,2436.6113453316366,77.43299999999999
1436028820,Heart Rate,171.0,77.43299999999999
1436028820,Pace,1.990621029578324,77.43299999999999
1436028830,Distance,2461.9121634281005,79.83700000000002
1436028830,Heart Rate,171.5,79.83700000000002
1436028830,Pace,2.6222860344249055,79.83700000000002
1436028840,Distance,2484.8700974144153,86.773
1436028840,Heart Rate,170.0,86.773
1436028840,Pace,1.9929037826537297,86.773
1436028850,Distance,2501.9689510959624,93.98400000000001
1436028850,Heart Rate,170.0,93.98400000000001
1436028850,Pace,1.6146884389545904,93.98400000000001
1436028860,Distance,2520.8086061692547,91.72
1436028860,Heart Rate,171.0,91.72
1436028860,Pace,2.176606236884754,91.72
1436028870,Distance,2546.3619975479405,94.43999999999998
1436028870,Heart Rate,172.5,94.43999999999998
1436028870,Pace,2.747893475806177,94.43999999999998
1436028880,Distance,2573.78666459178,92.77899999999998
1436028880,Heart Rate,171.5,92.77899999999998
1436028880,Pace,2.7465031132895548,92.77899999999998
1436028890,Distance,2602.377393997659,93.58600000000001
1436028890,Heart Rate,171.0,93.58600000000001
1436028890,Pace,2.9371049591927205,93.58600000000001
1436028900,Distance,2632.301636363228,94.022
1436028900,Heart Rate,168.5,94.022
1436028900,Pace,3.1989701598947704,94.022
1436028910,Distance,2662.199482207002,92.79899999999999
1436028910,Heart Rate,165.0,92.79899999999999
1436028910,Pace,2.736390636957458,92.79899999999999
1436028920,Distance,2690.292655929191,93.749
1436028920,Heart Rate,165.0,93.749
1436028920,Pace,3.0204268642583885,93.749
1436028930,Distance,2722.877135971036,93.52700000000002
1436028930,Heart Rate,164.0,93.52700000000002
1436028930,Pace,3.280391337863557,93.52700000000002
1436028940,Distance,2755.8074922522987,91.56
1436028940,Heart Rate,164.0,91.56
1436028940,Pace,3.278980561685512,91.56
1436028950,Distance,2789.531771329894,91.58200000000001
1436028950,Heart Rate,163.5,91.58200000000001
1436028950,Pace,3.3329264910201344,91.58200000000001
1436028960,Distance,2820.362729472962,90.91400000000002
1436028960,Heart Rate,162.5,90.91400000000002
1436028960,Pace,2.9255925797401234,90.91400000000002
1436028970,Distance,2851.7516622649055,90.671
1436028970,Heart Rate,161.5,90.671
1436028970,Pace,3.388519502602139,90.671
1436028980,Distance,2884.6382753582975,89.92499999999998
1436028980,Heart Rate,160.5,89.92499999999998
1436028980,Pace,3.2301517186145245,89.92499999999998
1436028990,Distance,2915.6849364841246,89.374
1436028990,Heart Rate,160.0,89.374
1436028990,Pace,3.0913620378070847,89.374
1436029000,Distance,2947.8813771619675,88.85600000000001
1436029000,Heart Rate,160.0,88.85600000000001
1436029000,Pace,3.253996244395921,88.85600000000001
1436029010,Distance,2980.305555765564,87.92699999999999
1436029010,Heart Rate,159.5,87.92699999999999
1436029010,Pace,3.230803713824071,87.92699999999999
1436029020,Distance,3013.2291447920834,86.93799999999999
1436029020,Heart Rate,158.0,86.93799999999999
1436029020,Pace,3.1051001497907236,86.93799999999999
1436029030,Distance,3046.107051141532,85.82399999999998
1436029030,Heart Rate,158.0,85.82399999999998
1436029030,Pace,3.443880760502907,85.82399999999998
1436029040,Distance,3076.599416705399,84.06299999999999
1436029040,Heart Rate,159.0,84.06299999999999
1436029040,Pace,2.819277709906191,84.06299999999999
1436029050,Distance,3108.94390617442,82.981
1436029050,Heart Rate,159.0,82.981
1436029050,Pace,3.5545925653096218,82.981
1436029060,Distance,3144.2143884297375,81.316
1436029060,Heart Rate,159.5,81.316
1436029060,Pace,3.4300936150960752,81.316
1436029070,Distance,3177.661644638494,79.27399999999999
1436029070,Heart Rate,160.0,79.27399999999999
1436029070,Pace,3.192223872313207,79.27399999999999
1436029080,Distance,3209.2018970040203,78.44300000000001
1436029080,Heart Rate,159.5,78.44300000000001
1436029080,Pace,3.2088702090185506,78.44300000000001
1436029090,Distance,3242.0796874089474,77.385
1436029090,Heart Rate,158.0,77.385
1436029090,Pace,3.3705332750272645,77.385
1436029100,Distance,3276.1759543345615,76.04999999999998
1436029100,Heart Rate,158.5,76.04999999999998
1436029100,Pace,3.2890356413643986,76.04999999999998
1436029110,Distance,3308.3668769094975,74.613
1436029110,Heart Rate,159.5,74.613
1436029110,Pace,3.2142142233487903,74.613
1436029120,Distance,3340.1775763803357,73.912
1436029120,Heart Rate,160.5,73.912
1436029120,Pace,3.2033896597439253,73.912
1436029130,Distance,3370.2447072635464,72.997
1436029130,Heart Rate,161.5,72.997
1436029130,Pace,2.846837838332567,72.997
1436029140,Distance,3401.4787905973303,71.797
1436029140,Heart Rate,162.5,71.797
1436029140,Pace,3.2445688886456083,71.797
1436029150,Distance,3432.0603428328977,70.60900000000001
1436029150,Heart Rate,161.0,70.60900000000001
1436029150,Pace,3.0772197321662134,70.60900000000001
1436029160,Distance,3461.709764483644,69.921
1436029160,Heart Rate,162.0,69.921
1436029160,Pace,2.886915160453964,69.921
1436029170,Distance,3492.7104553269332,69.51700000000001
1436029170,Heart Rate,162.5,69.51700000000001
1436029170,Pace,3.0104731798396642,69.51700000000001
1436029180,Distance,3522.189536851164,68.998
1436029180,Heart Rate,163.5,68.998
1436029180,Pace,3.128144242495273,68.998
1436029190,Distance,3553.3667595661923,68.51200000000001
1436029190,Heart Rate,163.5,68.51200000000001
1436029190,Pace,3.1303762062534135,68.51200000000001
1436029200,Distance,3583.43960030655,68.256
1436029200,Heart Rate,163.0,68.256
1436029200,Pace,2.8185994609161753,68.256
1436029210,Distance,3613.319460471579,67.171
1436029210,Heart Rate,163.0,67.171
1436029210,Pace,3.237277924764476,67.171
1436029220,Distance,3646.987801052641,65.643
1436029220,Heart Rate,162.5,65.643
1436029220,Pace,3.321226643414184,65.643
1436029230,Distance,3682.7232927114587,65.498
1436029230,Heart Rate,162.0,65.498
1436029230,Pace,3.5682994898333162,65.498
1436029240,Distance,3714.649357942876,65.11500000000001
1436029240,Heart Rate,161.5,65.11500000000001
1436029240,Pace,3.371808354204404,65.11500000000001
1436029250,Distance,3750.252108431391,64.50799999999998
1436029250,Heart Rate,161.5,64.50799999999998
1436029250,Pace,3.2747685173965237,64.50799999999998
1436029260,Distance,3777.95240975642,63.66600000000001
1436029260,Heart Rate,162.0,63.66600000000001
1436029260,Pace,2.38260109592361,63.66600000000001
1436029270,Distance,3804.1642822172785,61.888
1436029270,Heart Rate,163.5,61.888
1436029270,Pace,3.0701429798057687,61.888
1436029280,Distance,3835.4696490891415,62.16700000000001
1436029280,Heart Rate,166.0,62.16700000000001
1436029280,Pace,2.884513608467432,62.16700000000001
1436029290,Distance,3862.3601846181905,61.93000000000001
1436029290,Heart Rate,167.0,61.93000000000001
1436029290,Pace,2.633883514091849,61.93000000000001
1436029300,Distance,3890.29517305459,61.022000000000006
1436029300,Heart Rate,166.5,61.022000000000006
1436029300,Pace,3.070883642417402,61.022000000000006
1436029310,Distance,3916.3989354392434,58.01125
1436029310,Heart Rate,163.5,58.01125
1436029310,Pace,2.6813571068610713,58.01125
1436029330,Distance,3934.884003021531,58.873333333333335
1436029330,Heart Rate,164.0,58.873333333333335
1436029330,Pace,3.1027590276861097,58.873333333333335
1436029340,Distance,3955.055625052947,58.132000000000005
1436029340,Heart Rate,166.5,58.132000000000005
1436029340,Pace,3.0820279111179842,58.132000000000005
1436029350,Distance,3986.002941187544,57.201
1436029350,Heart Rate,164.0,57.201
1436029350,Pace,3.0036298695062214,57.201
1436029360,Distance,4019.290789292343,55.461
1436029360,Heart Rate,161.5,55.461
1436029360,Pace,3.293774219101624,55.461
1436029370,Distance,4051.457745903465,54.455999999999996
1436029370,Heart Rate,161.0,54.455999999999996
1436029370,Pace,3.3004666754395204,54.455999999999996
1436029380,Distance,4084.9251326430776,52.64
1436029380,Heart Rate,161.5,52.64
1436029380,Pace,3.2701017524439067,52.64
1436029390,Distance,4117.676671433767,49.92800000000001
1436029390,Heart Rate,161.0,49.92800000000001
1436029390,Pace,3.226736600131153,49.92800000000001
1436029400,Distance,4151.614255703721,46.95400000000001
1436029400,Heart Rate,160.0,46.95400000000001
1436029400,Pace,3.529825272627568,46.95400000000001
1436029410,Distance,4185.443442032708,44.20900000000001
1436029410,Heart Rate,159.0,44.20900000000001
1436029410,Pace,3.269361084587126,44.20900000000001
1436029420,Distance,4218.933371142181,40.545
1436029420,Heart Rate,158.5,40.545
1436029420,Pace,3.405884354786667,40.545
1436029430,Distance,4251.319565435588,38.452000000000005
1436029430,Heart Rate,158.0,38.452000000000005
1436029430,Pace,3.1774292582080306,38.452000000000005
1436029440,Distance,4280.794503632455,37.754999999999995
1436029440,Heart Rate,158.0,37.754999999999995
1436029440,Pace,2.8969487617169762,37.754999999999995
1436029450,Distance,4314.497959410636,37.538
1436029450,Heart Rate,157.5,37.538
1436029450,Pace,3.489855301244006,37.538
1436029460,Distance,4346.747695394723,35.104
1436029460,Heart Rate,158.0,35.104
1436029460,Pace,3.210738899388616,35.104
1436029470,Distance,4380.345156795557,33.799
1436029470,Heart Rate,159.0,33.799
1436029470,Pace,3.3301576861231297,33.799
1436029480,Distance,4413.881345193545,32.263
1436029480,Heart Rate,160.0,32.263
1436029480,Pace,3.498481424982219,32.263
1436029490,Distance,4448.67014838568,30.766
1436029490,Heart Rate,161.5,30.766
1436029490,Pace,3.439066104698577,30.766
1436029500,Distance,4481.997250678132,28.826999999999998
1436029500,Heart Rate,163.5,28.826999999999998
1436029500,Pace,3.1780658495122225,28.826999999999998
1436029510,Distance,4513.800351095327,28.32
1436029510,Heart Rate,164.5,28.32
1436029510,Pace,3.1284264381863975,28.32
1436029520,Distance,4546.684301078907,27.994
1436029520,Heart Rate,166.0,27.994
1436029520,Pace,3.454765115480586,27.994
1436029530,Distance,4580.134135351036,27.822999999999997
1436029530,Heart Rate,167.5,27.822999999999997
1436029530,Pace,3.187109071933264,27.822999999999997
1436029540,Distance,4609.862577458028,26.860999999999997
1436029540,Heart Rate,168.0,26.860999999999997
1436029540,Pace,2.8476005622906087,26.860999999999997
1436029550,Distance,4639.827107180042,26.05
1436029550,Heart Rate,168.5,26.05
1436029550,Pace,3.083615778272633,26.05
1436029560,Distance,4669.030592870943,25.564000000000004
1436029560,Heart Rate,170.0,25.564000000000004
1436029560,Pace,2.8746153047274676,25.564000000000004
1436029570,Distance,4698.249787424352,25.269000000000002
1436029570,Heart Rate,170.5,25.269000000000002
1436029570,Pace,3.0468515725192447,25.269000000000002
1436029580,Distance,4728.674713630926,24.854
1436029580,Heart Rate,170.5,24.854
1436029580,Pace,2.903029157417495,24.854
1436029590,Distance,4759.18430689012,24.998
1436029590,Heart Rate,169.5,24.998
1436029590,Pace,3.1391795403469587,24.998
1436029600,Distance,4787.761633474845,25.160000000000004
1436029600,Heart Rate,170.0,25.160000000000004
1436029600,Pace,2.836976101908294,25.160000000000004
1436029610,Distance,4815.974750164403,25.250999999999998
1436029610,Heart Rate,170.0,25.250999999999998
1436029610,Pace,2.7320189686663072,25.250999999999998
1436029620,Distance,4846.946802470669,24.604999999999997
1436029620,Heart Rate,170.0,24.604999999999997
1436029620,Pace,3.420377709695458,24.604999999999997
1436029630,Distance,4881.097728012761,24.381999999999998
1436029630,Heart Rate,170.0,24.381999999999998
1436029630,Pace,3.421730067075714,24.381999999999998
1436029640,Distance,4915.742600618316,23.684
1436029640,Heart Rate,169.5,23.684
1436029640,Pace,3.4322494901457503,23.684
1436029650,Distance,4948.384560493177,22.875
1436029650,Heart Rate,168.0,22.875
1436029650,Pace,2.998407196005428,22.875
1436029660,Distance,4977.464963256387,21.043000000000003
1436029660,Heart Rate,168.0,21.043000000000003
1436029660,Pace,2.806127635696703,21.043000000000003
1436029670,Distance,5006.19806035819,20.375999999999998
1436029670,Heart Rate,167.5,20.375999999999998
1436029670,Pace,2.9905419961432926,20.375999999999998
1436029680,Distance,5039.012390293026,19.543
1436029680,Heart Rate,167.0,19.543
1436029680,Pace,3.2882628836393453,19.543
1436029690,Distance,5072.660436509971,19.583000000000006
1436029690,Heart Rate,166.0,19.583000000000006
1436029690,Pace,3.109015524723509,19.583000000000006
1436029700,Distance,5103.74809047425,18.695999999999998
1436029700,Heart Rate,166.0,18.695999999999998
1436029700,Pace,3.3778396795038135,18.695999999999998
1436029710,Distance,5136.045130578857,17.58
1436029710,Heart Rate,166.5,17.58
1436029710,Pace,2.952342135649269,17.58
1436029720,Distance,5167.041528559353,15.798999999999998
1436029720,Heart Rate,166.5,15.798999999999998
1436029720,Pace,3.3653720672115015,15.798999999999998
1436029730,Distance,5201.074230230005,15.468
1436029730,Heart Rate,165.0,15.468
1436029730,Pace,3.420860763663131,15.468
1436029740,Distance,5235.409765401759,15.079000000000002
1436029740,Heart Rate,165.0,15.079000000000002
1436029740,Pace,3.335712593662538,15.079000000000002
1436029750,Distance,5266.186097201553,14.310999999999998
1436029750,Heart Rate,165.0,14.310999999999998
1436029750,Pace,3.328182741011369,14.310999999999998
1436029760,Distance,5301.083690756324,13.615
1436029760,Heart Rate,166.5,13.615
1436029760,Pace,3.3942051577562777,13.615
1436029770,Distance,5333.269964626021,13.482
1436029770,Heart Rate,167.0,13.482
1436029770,Pace,2.8748967649885344,13.482
1436029780,Distance,5362.090322778846,15.331999999999999
1436029780,Heart Rate,167.0,15.331999999999999
1436029780,Pace,3.1825643865362507,15.331999999999999
1436029790,Distance,5393.862565533833,17.603
1436029790,Heart Rate,169.5,17.603
1436029790,Pace,2.8653704519478196,17.603
1436029800,Distance,5418.6482460638235,19.962000000000007
1436029800,Heart Rate,172.0,19.962000000000007
1436029800,Pace,2.568849621460231,19.962000000000007
1436029810,Distance,5447.926316021428,22.060000000000002
1436029810,Heart Rate,171.5,22.060000000000002
1436029810,Pace,2.6181371635724644,22.060000000000002
1436029820,Distance,5473.647267618945,21.916000000000004
1436029820,Heart Rate,174.0,21.916000000000004
1436029820,Pace,2.8746059042482557,21.916000000000004
1436029830,Distance,5503.334464364741,20.139000000000003
1436029830,Heart Rate,174.0,20.139000000000003
1436029830,Pace,3.1915937350649073,20.139000000000003
1436029840,Distance,5538.140024639421,18.54
1436029840,Heart Rate,172.5,18.54
1436029840,Pace,3.4459817722374284,18.54
1436029850,Distance,5570.658896228337,15.541
1436029850,Heart Rate,171.0,15.541
1436029850,Pace,3.313031657891679,15.541
1436029860,Distance,5604.022704813905,12.477
1436029860,Heart Rate,170.0,12.477
1436029860,Pace,3.2888673276449483,12.477
1436029870,Distance,5636.895369160241,11.717
1436029870,Heart Rate,168.5,11.717
1436029870,Pace,3.1909501154731514,11.717
1436029880,Distance,5669.439885539467,10.659
1436029880,Heart Rate,168.0,10.659
1436029880,Pace,3.2542549655288893,10.659
1436029890,Distance,5699.272333766618,9.831
1436029890,Heart Rate,167.0,9.831
1436029890,Pace,2.781312097539103,9.831
1436029900,Distance,5726.077279265336,9.856
1436029900,Heart Rate,167.0,9.856
1436029900,Pace,2.6748795305427846,9.856
1436029910,Distance,5755.659100242997,8.916
1436029910,Heart Rate,168.5,8.916
1436029910,Pace,3.2100452372113066,8.916
1436029920,Distance,5787.685893209096,8.321000000000002
1436029920,Heart Rate,168.5,8.321000000000002
1436029920,Pace,3.1158486118231847,8.321000000000002
1436029930,Distance,5817.756793213221,8.041
1436029930,Heart Rate,167.5,8.041
1436029930,Pace,2.815236829357855,8.041
1436029940,Distance,5843.128591785423,8.530000000000001
1436029940,Heart Rate,168.0,8.530000000000001
1436029940,Pace,2.6087728854075976,8.530000000000001
1436029950,Distance,5874.676908228208,9.293000000000001
1436029950,Heart Rate,168.0,9.293000000000001
1436029950,Pace,3.4802446445578425,9.293000000000001
1436029960,Distance,5905.509426727138,9.47
1436029960,Heart Rate,169.0,9.47
1436029960,Pace,2.6153111850037023,9.47
1436029970,Distance,5930.320212401577,9.940999999999999
1436029970,Heart Rate,167.5,9.940999999999999
1436029970,Pace,2.557475775446983,9.940999999999999
1436029980,Distance,5956.9061818673235,11.099
1436029980,Heart Rate,170.0,11.099
1436029980,Pace,2.6506975053857786,11.099
1436029990,Distance,5982.897135542037,12.584
1436029990,Heart Rate,169.0,12.584
1436029990,Pace,2.543835615919943,12.584
1436030000,Distance,6009.734542866208,13.135000000000002
1436030000,Heart Rate,170.0,13.135000000000002
1436030000,Pace,2.8871784384151398,13.135000000000002
1436030010,Distance,6038.3424645858195,13.95
1436030010,Heart Rate,170.5,13.95
1436030010,Pace,2.785455396235102,13.95
1436030020,Distance,6064.744051965464,14.575999999999999
1436030020,Heart Rate,169.5,14.575999999999999
1436030020,Pace,2.4985442230589796,14.575999999999999
1436030030,Distance,6090.31157161044,14.137000000000004
1436030030,Heart Rate,169.5,14.137000000000004
1436030030,Pace,2.8518430384347084,14.137000000000004
1436030040,Distance,6122.211384289733,14.667000000000002
1436030040,Heart Rate,172.0,14.667000000000002
1436030040,Pace,3.0796313251561513,14.667000000000002
1436030050,Distance,6149.9346971489895,13.484
1436030050,Heart Rate,171.5,13.484
1436030050,Pace,2.6726249303785155,13.484
1436030060,Distance,6177.970158306115,12.422999999999998
1436030060,Heart Rate,172.0,12.422999999999998
1436030060,Pace,2.8887584394443366,12.422999999999998
1436030070,Distance,6205.170317590244,12.343
1436030070,Heart Rate,172.0,12.343
1436030070,Pace,2.6589744315736423,12.343
1436030080,Distance,6232.802541436195,12.174000000000001
1436030080,Heart Rate,170.5,12.174000000000001
1436030080,Pace,2.800523974702628,12.174000000000001
1436030090,Distance,6259.833939674105,12.6
1436030090,Heart Rate,171.0,12.6
1436030090,Pace,2.571491690666517,12.6
1436030100,Distance,6284.765523976458,13.797000000000002
1436030100,Heart Rate,172.0,13.797000000000002
1436030100,Pace,2.502691544431491,13.797000000000002
1436030110,Distance,6308.970311354906,14.586999999999998
1436030110,Heart Rate,173.5,14.586999999999998
1436030110,Pace,2.336973552087966,14.586999999999998
1436030120,Distance,6335.090235119666,14.4
1436030120,Heart Rate,173.5,14.4
1436030120,Pace,2.7583388324006592,14.4
1436030130,Distance,6360.643461044236,14.038
1436030130,Heart Rate,174.0,14.038
1436030130,Pace,2.478009986926918,14.038
1436030140,Distance,6384.819029332892,15.443000000000001
1436030140,Heart Rate,173.0,15.443000000000001
1436030140,Pace,2.438502207727288,15.443000000000001
1436030150,Distance,6411.173999284716,15.995
1436030150,Heart Rate,173.0,15.995
1436030150,Pace,2.746937604330924,15.995
1436030160,Distance,6437.303769506364,15.974999999999998
1436030160,Heart Rate,173.0,15.974999999999998
1436030160,Pace,2.4122468107758324,15.974999999999998
1436030170,Distance,6461.647975395697,16.169000000000004
1436030170,Heart Rate,173.0,16.169000000000004
1436030170,Pace,2.492264395018265,16.169000000000004
1436030180,Distance,6486.50563874485,16.432000000000002
1436030180,Heart Rate,173.0,16.432000000000002
1436030180,Pace,2.2655633112664875,16.432000000000002
1436030190,Distance,6508.327321059743,16.602
1436030190,Heart Rate,172.0,16.602
1436030190,Pace,2.49918162125241,16.602
1436030200,Distance,6537.828792957702,17.330000000000005
1436030200,Heart Rate,171.5,17.330000000000005
1436030200,Pace,3.13689379333091,17.330000000000005
1436030210,Distance,6566.450518842297,18.190999999999995
1436030210,Heart Rate,172.0,18.190999999999995
1436030210,Pace,2.7005655597221447,18.190999999999995
1436030220,Distance,6592.688031124484,19.828
1436030220,Heart Rate,172.5,19.828
1436030220,Pace,2.660136014602176,19.828
1436030230,Distance,6620.505804601719,21.033
1436030230,Heart Rate,174.5,21.033
1436030230,Pace,2.7695661191966794,21.033
1436030240,Distance,6644.789787988552,22.037
1436030240,Heart Rate,175.5,22.037
1436030240,Pace,2.201419556464498,22.037
1436030250,Distance,6669.645044349047,24.128000000000004
1436030250,Heart Rate,176.0,24.128000000000004
1436030250,Pace,2.6736245729745862,24.128000000000004
1436030260,Distance,6696.78987301859,25.944
1436030260,Heart Rate,177.0,25.944
1436030260,Pace,2.627389139006391,25.944
1436030270,Distance,6719.362474969738,27.201999999999998
1436030270,Heart Rate,178.0,27.201999999999998
1436030270,Pace,2.053317740129205,27.201999999999998
1436030280,Distance,6741.440411672836,28.306
1436030280,Heart Rate,178.5,28.306
1436030280,Pace,2.373195047731315,28.306
1436030290,Distance,6766.899660439856,29.438
1436030290,Heart Rate,178.5,29.438
1436030290,Pace,2.757956985931196,29.438
1436030300,Distance,6792.173126841159,30.506
1436030300,Heart Rate,178.0,30.506
1436030300,Pace,2.293402006669203,30.506
1436030310,Distance,6815.6625011178185,31.176
1436030310,Heart Rate,177.5,31.176
1436030310,Pace,2.391398436794316,31.176
1436030320,Distance,6841.275012338291,31.697999999999997
1436030320,Heart Rate,177.0,31.697999999999997
1436030320,Pace,2.6955871982571806,31.697999999999997
1436030330,Distance,6869.2370655112345,31.863999999999997
1436030330,Heart Rate,176.0,31.863999999999997
1436030330,Pace,2.8682266543743937,31.863999999999997
1436030340,Distance,6902.949430160288,32.366
1436030340,Heart Rate,176.0,32.366
1436030340,Pace,3.468984561349134,32.366
1436030350,Distance,6931.527154951769,32.105
1436030350,Heart Rate,174.5,32.105
1436030350,Pace,2.729084384329417,32.105
1436030360,Distance,6959.930515834171,31.826999999999998
1436030360,Heart Rate,173.5,31.826999999999998
1436030360,Pace,2.894494999399103,31.826999999999998
1436030370,Distance,6990.4517945985335,30.671000000000003
1436030370,Heart Rate,171.0,30.671000000000003
1436030370,Pace,2.8575958960796015,30.671000000000003
1436030380,Distance,7022.663741740917,29.765000000000004
1436030380,Heart Rate,170.0,29.765000000000004
1436030380,Pace,3.29271495449384,29.765000000000004
1436030390,Distance,7053.9773446277395,28.865999999999996
1436030390,Heart Rate,170.0,28.865999999999996
1436030390,Pace,3.0687201620621636,28.865999999999996
1436030400,Distance,7084.005512268976,27.732999999999997
1436030400,Heart Rate,167.5,27.732999999999997
1436030400,Pace,2.948131006724452,27.732999999999997
1436030410,Distance,7112.67491405685,26.244999999999997
1436030410,Heart Rate,168.0,26.244999999999997
1436030410,Pace,2.8008747590070016,26.244999999999997
1436030420,Distance,7138.0689493126,25.138
1436030420,Heart Rate,166.0,25.138
1436030420,Pace,2.729424155810648,25.138
1436030430,Distance,7167.36671897677,24.359
1436030430,Heart Rate,165.5,24.359
1436030430,Pace,2.594430249761899,24.359
1436030440,Distance,7193.608352450533,23.865000000000002
1436030440,Heart Rate,167.0,23.865000000000002
1436030440,Pace,2.5956153154240384,23.865000000000002
1436030450,Distance,7222.949617184597,23.528
1436030450,Heart Rate,167.0,23.528
1436030450,Pace,3.2643224274825116,23.528
1436030460,Distance,7251.728596178519,22.764000000000003
1436030460,Heart Rate,167.5,22.764000000000003
1436030460,Pace,3.0662186997668868,22.764000000000003
1436030470,Distance,7283.726030060656,22.097
1436030470,Heart Rate,165.5,22.097
1436030470,Pace,3.0040695514998332,22.097
1436030480,Distance,7315.061731629923,21.918
1436030480,Heart Rate,167.5,21.918
1436030480,Pace,3.221098397890637,21.918
1436030490,Distance,7346.323249630734,22.062999999999995
1436030490,Heart Rate,168.0,22.062999999999995
1436030490,Pace,2.9062973808952846,22.062999999999995
1436030500,Distance,7377.727548332373,21.094
1436030500,Heart Rate,169.0,21.094
1436030500,Pace,3.491678481814051,21.094
1436030510,Distance,7408.1731021176365,20.392000000000003
1436030510,Heart Rate,169.0,20.392000000000003
1436030510,Pace,2.7560363597940523,20.392000000000003
1436030520,Distance,7436.374866816912,19.142999999999997
1436030520,Heart Rate,169.0,19.142999999999997
1436030520,Pace,2.650565510713659,19.142999999999997
1436030530,Distance,7463.01071560393,18.481
1436030530,Heart Rate,167.0,18.481
1436030530,Pace,2.6607699187770777,18.481
1436030540,Distance,7490.386853046295,17.953
1436030540,Heart Rate,167.5,17.953
1436030540,Pace,2.6520319179476246,17.953
1436030550,Distance,7519.6957577609965,17.095
1436030550,Heart Rate,169.5,17.095
1436030550,Pace,3.554138646676074,17.095
1436030560,Distance,7553.243085629219,16.361
1436030560,Heart Rate,169.5,16.361
1436030560,Pace,3.111745895257809,16.361
1436030570,Distance,7585.5321334001665,16.584
1436030570,Heart Rate,171.5,16.584
1436030570,Pace,3.0803663430995583,16.584
1436030580,Distance,7612.309456484998,15.806999999999997
1436030580,Heart Rate,172.5,15.806999999999997
1436030580,Pace,2.718135439258549,15.806999999999997
1436030590,Distance,7643.545132433236,13.270000000000001
1436030590,Heart Rate,171.5,13.270000000000001
1436030590,Pace,3.2090396204187526,13.270000000000001
1436030600,Distance,7675.167560334227,11.879
1436030600,Heart Rate,170.0,11.879
1436030600,Pace,3.1314824447281353,11.879
1436030610,Distance,7707.098686965376,10.566
1436030610,Heart Rate,168.0,10.566
1436030610,Pace,3.1266656493268785,10.566
1436030620,Distance,7734.076755404756,9.7
1436030620,Heart Rate,168.0,9.7
1436030620,Pace,2.4774768341172604,9.7
1436030630,Distance,7759.8179312411185,7.673
1436030630,Heart Rate,169.0,7.673
1436030630,Pace,2.6376216955271956,7.673
1436030640,Distance,7787.961215306483,8.39
1436030640,Heart Rate,168.5,8.39
1436030640,Pace,2.940579547141442,8.39
1436030650,Distance,7819.0281588396265,8.571
1436030650,Heart Rate,170.5,8.571
1436030650,Pace,3.321189311557009,8.571
1436030660,Distance,7848.426985919626,7.5840000000000005
1436030660,Heart Rate,169.0,7.5840000000000005
1436030660,Pace,2.490577321687124,7.5840000000000005
1436030670,Distance,7875.8827263915055,8.692000000000002
1436030670,Heart Rate,166.0,8.692000000000002
1436030670,Pace,3.030293862301278,8.692000000000002
1436030680,Distance,7904.3955431540135,8.016
1436030680,Heart Rate,170.0,8.016
1436030680,Pace,2.9412776025485075,8.016
1436030690,Distance,7933.720443011947,8.489999999999998
1436030690,Heart Rate,166.5,8.489999999999998
1436030690,Pace,2.801351204186358,8.489999999999998
1436030700,Distance,7962.194059344639,10.074000000000002
1436030700,Heart Rate,167.5,10.074000000000002
1436030700,Pace,2.627432262131697,10.074000000000002
1436030710,Distance,7988.812798819556,10.11889528899
1436030710,Heart Rate,170.5,10.11889528899
1436030710,Pace,3.090153979666411,10.11889528899
1436030720,Distance,8022.581089933487,10.492
1436030720,Heart Rate,174.0,10.492
1436030720,Pace,3.5396593578094326,10.492
1436030730,Distance,8053.559114277737,10.816999999999998
1436030730,Heart Rate,174.5,10.816999999999998
1436030730,Pace,3.1200099316582053,10.816999999999998
